archivo,qué es,peso
PROYECTOS SIN PUBLICAR/fotos/proyectos/el-silencioso/el-silencioso-01.jpg,El Silencioso — El Silencioso,90 KB
PROYECTOS SIN PUBLICAR/fotos/proyectos/el-silencioso/el-silencioso-02.jpg,El Silencioso — El Silencioso,92 KB
PROYECTOS SIN PUBLICAR/fotos/proyectos/el-silencioso/el-silencioso-03.jpg,El Silencioso — El Silencioso,103 KB
PROYECTOS SIN PUBLICAR/fotos/proyectos/el-silencioso/el-silencioso-04.jpg,El Silencioso — El Silencioso,70 KB
PROYECTOS SIN PUBLICAR/fotos/proyectos/el-silencioso/el-silencioso-05.jpg,El Silencioso — El Silencioso,121 KB
PROYECTOS SIN PUBLICAR/fotos/proyectos/el-silencioso/el-silencioso-06.jpg,El Silencioso — El Silencioso,119 KB
PROYECTOS SIN PUBLICAR/fotos/proyectos/el-silencioso/el-silencioso-07.jpg,El Silencioso — El Silencioso,111 KB
PROYECTOS SIN PUBLICAR/fotos/proyectos/el-silencioso/el-silencioso-08.jpg,El Silencioso — El Silencioso,81 KB
PROYECTOS SIN PUBLICAR/fotos/proyectos/el-silencioso/el-silencioso-09.jpg,El Silencioso — El Silencioso,123 KB
PROYECTOS SIN PUBLICAR/fotos/proyectos/el-silencioso/el-silencioso-10.jpg,El Silencioso — El Silencioso,60 KB
PROYECTOS SIN PUBLICAR/fotos/proyectos/patagonia-ai-factories/patagonia-ai-factories-01.jpg,Patagonia AI Factories — Patagonia AI Factories,94 KB
PROYECTOS SIN PUBLICAR/fotos/proyectos/patagonia-ai-factories/patagonia-ai-factories-02.jpg,Patagonia AI Factories — Patagonia AI Factories,128 KB
PROYECTOS SIN PUBLICAR/logos/proyectos/patagonia-ai-factories.png,Logo — Patagonia AI Factories,3 KB
fotos/institucional/banner-respaldo.png,Imagen de respaldo del banner y de los videos mientras cargan,54 KB
fotos/institucional/directorio/a002.jpg,Sección directorio,34 KB
fotos/institucional/directorio/a003.jpg,Sección directorio,67 KB
fotos/institucional/directorio/a004.jpg,Sección directorio,18 KB
fotos/institucional/oficinas/a006.jpg,Sección oficinas,51 KB
fotos/institucional/oficinas/a007.jpg,Sección oficinas,52 KB
fotos/institucional/oficinas/a008.jpg,Sección oficinas,63 KB
fotos/institucional/oficinas/a009.jpg,Sección oficinas,53 KB
fotos/institucional/oficinas/a010.jpg,Sección oficinas,74 KB
fotos/institucional/oficinas/a011.jpg,Sección oficinas,82 KB
fotos/institucional/partners.jpg,Partners — foto de la sección,118 KB
fotos/proyectos/alamos-club/alamos-club-01.jpg,Álamos Club — Álamos Club,480 KB
fotos/proyectos/alamos-club/alamos-club-02.jpg,Álamos Club — Álamos Club,432 KB
fotos/proyectos/alamos-club/alamos-club-03.jpg,Álamos Club — Álamos Club,493 KB
fotos/proyectos/alamos-club/alamos-club-04.jpg,Álamos Club — Álamos Club,446 KB
fotos/proyectos/alamos-club/alamos-club-05.jpg,Álamos Club — Álamos Club,459 KB
fotos/proyectos/alamos-club/alamos-club-06.jpg,Álamos Club — Álamos Club,219 KB
fotos/proyectos/alamos-club/alamos-club-07.jpg,Álamos Club — Álamos Club,290 KB
fotos/proyectos/alamos-club/alamos-club-08.jpg,Álamos Club — Álamos Club,468 KB
fotos/proyectos/alamos-club/alamos-club-09.jpg,Álamos Club — Álamos Club,174 KB
fotos/proyectos/alamos-club/alamos-club-10.jpg,Álamos Club — Álamos Club,128 KB
fotos/proyectos/alamos-club/alamos-club-11.jpg,Álamos Club — Álamos Club,167 KB
fotos/proyectos/alamos-de-anelo/alamos-de-anelo-02.jpg,Álamos de Añelo — Álamos de Añelo,384 KB
fotos/proyectos/alamos-de-anelo/alamos-de-anelo-03.jpg,Álamos de Añelo — Álamos de Añelo,365 KB
fotos/proyectos/alamos-de-anelo/alamos-de-anelo-04.jpg,Álamos de Añelo — Álamos de Añelo,242 KB
fotos/proyectos/alamos-de-anelo/alamos-de-anelo-05.jpg,Álamos de Añelo — Álamos de Añelo,183 KB
fotos/proyectos/alamos-de-anelo/alamos-de-anelo-06.jpg,Álamos de Añelo — Álamos de Añelo,217 KB
fotos/proyectos/alamos-de-anelo/alamos-de-anelo-07.jpg,Álamos de Añelo — Álamos de Añelo,201 KB
fotos/proyectos/alamos-de-anelo/alamos-de-anelo-08.jpg,Álamos de Añelo — Álamos de Añelo,123 KB
fotos/proyectos/alamos-de-anelo/alamos-de-anelo-09.jpg,Álamos de Añelo — Álamos de Añelo,147 KB
fotos/proyectos/alamos-de-anelo/alamos-de-anelo-10.jpg,Álamos de Añelo — Álamos de Añelo,139 KB
fotos/proyectos/alamos-de-anelo/alamos-de-anelo-11.jpg,Álamos de Añelo — Álamos de Añelo,136 KB
fotos/proyectos/alamos-de-anelo/alamos-de-anelo-12.jpg,Álamos de Añelo — Álamos de Añelo,159 KB
fotos/proyectos/alamos-de-anelo/alamos-de-anelo-13.jpg,Álamos de Añelo — Álamos de Añelo,353 KB
fotos/proyectos/alamos-de-anelo/alamos-de-anelo-14.jpg,Álamos de Añelo — Álamos de Añelo,329 KB
fotos/proyectos/alamos-de-anelo/alamos-de-anelo-portada-video.jpg,Álamos de Añelo — portada del video,331 KB
fotos/proyectos/anelo-plaza-shopping/anelo-plaza-shopping-01.jpg,Añelo Plaza Shopping — Añelo Plaza Shopping,331 KB
fotos/proyectos/anelo-plaza-shopping/anelo-plaza-shopping-02.jpg,Añelo Plaza Shopping — Añelo Plaza Shopping,280 KB
fotos/proyectos/anelo-plaza-shopping/anelo-plaza-shopping-03.jpg,Añelo Plaza Shopping — Añelo Plaza Shopping,260 KB
fotos/proyectos/anelo-plaza-shopping/anelo-plaza-shopping-04.jpg,Añelo Plaza Shopping — Añelo Plaza Shopping,332 KB
fotos/proyectos/anelo-plaza-shopping/anelo-plaza-shopping-05.jpg,Añelo Plaza Shopping — Añelo Plaza Shopping,118 KB
fotos/proyectos/anelo-plaza-shopping/anelo-plaza-shopping-06.jpg,Añelo Plaza Shopping — Añelo Plaza Shopping,104 KB
fotos/proyectos/anelo-plaza-shopping/anelo-plaza-shopping-07.jpg,Añelo Plaza Shopping — Añelo Plaza Shopping,109 KB
fotos/proyectos/anelo-plaza-shopping/anelo-plaza-shopping-08.jpg,Añelo Plaza Shopping — Añelo Plaza Shopping,97 KB
fotos/proyectos/anelo-plaza-shopping/anelo-plaza-shopping-09.jpg,Añelo Plaza Shopping — Añelo Plaza Shopping,108 KB
fotos/proyectos/anelo-plaza-shopping/anelo-plaza-shopping-10.jpg,Añelo Plaza Shopping — Añelo Plaza Shopping,135 KB
fotos/proyectos/anelo-plaza-shopping/anelo-plaza-shopping-11.jpg,Añelo Plaza Shopping — Añelo Plaza Shopping,101 KB
fotos/proyectos/anelo-plaza-shopping/anelo-plaza-shopping-12.jpg,Añelo Plaza Shopping — Añelo Plaza Shopping,141 KB
fotos/proyectos/anelo-plaza-shopping/anelo-plaza-shopping-13.jpg,Añelo Plaza Shopping — Añelo Plaza Shopping,139 KB
fotos/proyectos/condo-funes/condo-funes-01.jpg,Condo Funes — Condo Funes,169 KB
fotos/proyectos/condo-funes/condo-funes-02.jpg,Condo Funes — Condo Funes,190 KB
fotos/proyectos/condo-funes/condo-funes-03.jpg,Condo Funes — Condo Funes,198 KB
fotos/proyectos/condo-funes/condo-funes-04.jpg,Condo Funes — Condo Funes,183 KB
fotos/proyectos/condo-funes/condo-funes-05.jpg,Condo Funes — Condo Funes,135 KB
fotos/proyectos/condo-funes/condo-funes-06.jpg,Condo Funes — Condo Funes,195 KB
fotos/proyectos/condo-funes/condo-funes-07.jpg,Condo Funes — Condo Funes,138 KB
fotos/proyectos/condo-funes/condo-funes-08.jpg,Condo Funes — Condo Funes,123 KB
fotos/proyectos/condo-funes/condo-funes-09.jpg,Condo Funes — Condo Funes,137 KB
fotos/proyectos/condo-funes/condo-funes-10.jpg,Condo Funes — Condo Funes,146 KB
fotos/proyectos/condo-funes/condo-funes-11.jpg,Condo Funes — Condo Funes,157 KB
fotos/proyectos/condo-funes/condo-funes-12.jpg,Condo Funes — Condo Funes,124 KB
fotos/proyectos/condo-funes/condo-funes-13.jpg,Condo Funes — Condo Funes,112 KB
fotos/proyectos/condo-funes/condo-funes-14.jpg,Condo Funes — Condo Funes,74 KB
fotos/proyectos/condo-funes/condo-funes-15.jpg,Condo Funes — Condo Funes,46 KB
fotos/proyectos/condo-funes/condo-funes-16.jpg,Condo Funes — Condo Funes,52 KB
fotos/proyectos/condo-funes/condo-funes-17.jpg,Condo Funes — Condo Funes,44 KB
fotos/proyectos/condo-funes/condo-funes-18.jpg,Condo Funes — Condo Funes,64 KB
fotos/proyectos/condo-funes/condo-funes-19.jpg,Condo Funes — Condo Funes,53 KB
fotos/proyectos/condo-funes/condo-funes-20.jpg,Condo Funes — Condo Funes,62 KB
fotos/proyectos/condo-funes/condo-funes-21.jpg,Condo Funes — Condo Funes,68 KB
fotos/proyectos/condo-funes/condo-funes-22.jpg,Condo Funes — Condo Funes,54 KB
fotos/proyectos/condo-funes/condo-funes-23.jpg,Condo Funes — Condo Funes,72 KB
fotos/proyectos/lumina-funes/lumina-funes-02.jpg,Lumina Funes — Lumina Funes,30 KB
fotos/proyectos/lumina-funes/lumina-funes-03.jpg,Lumina Funes — Lumina Funes,123 KB
fotos/proyectos/lumina-funes/lumina-funes-04.jpg,Lumina Funes — Lumina Funes,40 KB
fotos/proyectos/lumina-funes/lumina-funes-05.jpg,Lumina Funes — Lumina Funes,25 KB
fotos/proyectos/lumina-funes/lumina-funes-06.jpg,Lumina Funes — Lumina Funes,28 KB
fotos/proyectos/lumina-funes/lumina-funes-07.jpg,Lumina Funes — Lumina Funes,102 KB
fotos/proyectos/lumina-funes/lumina-funes-08.jpg,Lumina Funes — Lumina Funes,64 KB
fotos/proyectos/lumina-funes/lumina-funes-09.jpg,Lumina Funes — Lumina Funes,184 KB
fotos/proyectos/lumina-funes/lumina-funes-10.jpg,Lumina Funes — Lumina Funes,144 KB
fotos/proyectos/lumina-funes/lumina-funes-11.jpg,Lumina Funes — Lumina Funes,176 KB
fotos/proyectos/lumina-funes/lumina-funes-12.jpg,Lumina Funes — Lumina Funes,222 KB
fotos/proyectos/lumina-funes/lumina-funes-portada-video.jpg,Lumina Funes — portada del video,109 KB
fotos/proyectos/nodo-flex/nodo-flex-02.jpg,Nodo Flex — Nodo Flex,259 KB
fotos/proyectos/nodo-flex/nodo-flex-03.jpg,Nodo Flex — Nodo Flex,325 KB
fotos/proyectos/nodo-flex/nodo-flex-04.jpg,Nodo Flex — Nodo Flex,300 KB
fotos/proyectos/nodo-flex/nodo-flex-05.jpg,Nodo Flex — Nodo Flex,247 KB
fotos/proyectos/nodo-flex/nodo-flex-06.jpg,Nodo Flex — Nodo Flex,285 KB
fotos/proyectos/nodo-flex/nodo-flex-07.jpg,Nodo Flex — Nodo Flex,261 KB
fotos/proyectos/nodo-flex/nodo-flex-08.jpg,Nodo Flex — Nodo Flex,258 KB
fotos/proyectos/nodo-flex/nodo-flex-09.jpg,Nodo Flex — Nodo Flex,249 KB
fotos/proyectos/nodo-flex/nodo-flex-10.jpg,Nodo Flex — Nodo Flex,237 KB
fotos/proyectos/nodo-flex/nodo-flex-11.jpg,Nodo Flex — Nodo Flex,249 KB
fotos/proyectos/nodo-flex/nodo-flex-12.jpg,Nodo Flex — Nodo Flex,251 KB
fotos/proyectos/nodo-flex/nodo-flex-13.jpg,Nodo Flex — Nodo Flex,332 KB
fotos/proyectos/nodo-flex/nodo-flex-14.jpg,Nodo Flex — Nodo Flex,367 KB
fotos/proyectos/nodo-flex/nodo-flex-15.jpg,Nodo Flex — Nodo Flex,398 KB
fotos/proyectos/nodo-flex/nodo-flex-16.jpg,Nodo Flex — Nodo Flex,215 KB
fotos/proyectos/nodo-flex/nodo-flex-17.jpg,Nodo Flex — Nodo Flex,316 KB
fotos/proyectos/nodo-flex/nodo-flex-portada-video.jpg,Nodo Flex — portada del video,306 KB
fotos/proyectos/nodo/nodo-01.jpg,Nodo — Nodo,189 KB
fotos/proyectos/nodo/nodo-02.jpg,Nodo — Nodo,269 KB
fotos/proyectos/nodo/nodo-03.jpg,Nodo — Nodo,266 KB
fotos/proyectos/nodo/nodo-04.jpg,Nodo — Nodo,142 KB
fotos/proyectos/nodo/nodo-05.jpg,Nodo — Nodo,137 KB
fotos/proyectos/nodo/nodo-06.jpg,Nodo — Nodo,132 KB
fotos/proyectos/nodo/nodo-07.jpg,Nodo — Nodo,180 KB
fotos/proyectos/nodo/nodo-08.jpg,Nodo — Nodo,174 KB
fotos/proyectos/nodo/nodo-09.jpg,Nodo — Nodo,148 KB
fotos/proyectos/onix/onix-01.jpg,Onix — Onix,223 KB
fotos/proyectos/onix/onix-02.jpg,Onix — Onix,189 KB
fotos/proyectos/onix/onix-03.jpg,Onix — Onix,124 KB
fotos/proyectos/onix/onix-04.jpg,Onix — Onix,73 KB
fotos/proyectos/onix/onix-05.jpg,Onix — Onix,96 KB
fotos/proyectos/onix/onix-06.jpg,Onix — Onix,62 KB
fotos/proyectos/onix/onix-07.jpg,Onix — Onix,64 KB
fotos/proyectos/parque-industrial-minero/parque-industrial-minero-01-portico-de-acceso.jpg,"Parque Industrial Minero — Parque Industrial Minero, pórtico de acceso",183 KB
fotos/proyectos/parque-industrial-minero/parque-industrial-minero-02-vista-aerea-del-parque.jpg,"Parque Industrial Minero — Parque Industrial Minero, vista aérea del parque",326 KB
fotos/proyectos/parque-industrial-minero/parque-industrial-minero-03-vista-aerea-interna.jpg,"Parque Industrial Minero — Parque Industrial Minero, vista aérea interna",238 KB
fotos/proyectos/parque-industrial-minero/parque-industrial-minero-04-naves-y-circulacion-interna.jpg,"Parque Industrial Minero — Parque Industrial Minero, naves y circulación interna",196 KB
fotos/proyectos/parque-industrial-minero/parque-industrial-minero-05-etapas-1-y-2.jpg,"Parque Industrial Minero — Parque Industrial Minero, etapas 1 y 2",286 KB
fotos/proyectos/parque-industrial-minero/parque-industrial-minero-06-ubicacion-respecto-de-la-zona-minera.jpg,"Parque Industrial Minero — Parque Industrial Minero, ubicación respecto de la zona minera",329 KB
fotos/proyectos/parque-industrial-vaca-muerta/parque-industrial-vaca-muerta-01.jpg,Parque Industrial Vaca Muerta — Parque Industrial Vaca Muerta,247 KB
fotos/proyectos/parque-industrial-vaca-muerta/parque-industrial-vaca-muerta-02.jpg,Parque Industrial Vaca Muerta — Parque Industrial Vaca Muerta,225 KB
fotos/proyectos/parque-industrial-vaca-muerta/parque-industrial-vaca-muerta-03.jpg,Parque Industrial Vaca Muerta — Parque Industrial Vaca Muerta,317 KB
fotos/proyectos/parque-industrial-vaca-muerta/parque-industrial-vaca-muerta-04.jpg,Parque Industrial Vaca Muerta — Parque Industrial Vaca Muerta,301 KB
fotos/proyectos/parque-industrial-vaca-muerta/parque-industrial-vaca-muerta-05.jpg,Parque Industrial Vaca Muerta — Parque Industrial Vaca Muerta,262 KB
fotos/proyectos/parque-industrial-vaca-muerta/parque-industrial-vaca-muerta-06.jpg,Parque Industrial Vaca Muerta — Parque Industrial Vaca Muerta,246 KB
fotos/proyectos/parque-industrial-vaca-muerta/parque-industrial-vaca-muerta-07.jpg,Parque Industrial Vaca Muerta — Parque Industrial Vaca Muerta,220 KB
fotos/proyectos/parque-industrial-vaca-muerta/parque-industrial-vaca-muerta-08.jpg,Parque Industrial Vaca Muerta — Parque Industrial Vaca Muerta,182 KB
fotos/proyectos/parque-industrial-vaca-muerta/parque-industrial-vaca-muerta-09.jpg,Parque Industrial Vaca Muerta — Parque Industrial Vaca Muerta,214 KB
fotos/proyectos/parque-industrial-vaca-muerta/parque-industrial-vaca-muerta-10.jpg,Parque Industrial Vaca Muerta — Parque Industrial Vaca Muerta,247 KB
fotos/proyectos/parque-industrial-vaca-muerta/parque-industrial-vaca-muerta-11.jpg,Parque Industrial Vaca Muerta — Parque Industrial Vaca Muerta,182 KB
fotos/proyectos/parque-industrial-vaca-muerta/parque-industrial-vaca-muerta-portada-video.jpg,Parque Industrial Vaca Muerta — portada del video,137 KB
fotos/proyectos/pivm-service-center/pivm-service-center-01.jpg,PIVM Service Center — PIVM Service Center,180 KB
fotos/proyectos/pivm-service-center/pivm-service-center-02.jpg,PIVM Service Center — PIVM Service Center,183 KB
fotos/proyectos/pivm-service-center/pivm-service-center-03.jpg,PIVM Service Center — PIVM Service Center,193 KB
fotos/proyectos/pivm-service-center/pivm-service-center-04.jpg,PIVM Service Center — PIVM Service Center,196 KB
fotos/proyectos/pivm-service-center/pivm-service-center-05.jpg,PIVM Service Center — PIVM Service Center,182 KB
fotos/proyectos/pivm-service-center/pivm-service-center-06.jpg,PIVM Service Center — PIVM Service Center,180 KB
fotos/proyectos/plazas-usa/plazas-usa-01.jpg,Plazas USA — Plazas USA,78 KB
fotos/proyectos/plazas-usa/plazas-usa-02.jpg,Plazas USA — Plazas USA,76 KB
fotos/proyectos/plazas-usa/plazas-usa-03.jpg,Plazas USA — Plazas USA,126 KB
fotos/proyectos/plazas-usa/plazas-usa-04.jpg,Plazas USA — Plazas USA,102 KB
fotos/proyectos/plazas-usa/plazas-usa-05.jpg,Plazas USA — Plazas USA,72 KB
fotos/proyectos/zlt-home/don-mateo-i/don-mateo-i-01.jpg,ZLT Home · Don Mateo I,103 KB
fotos/proyectos/zlt-home/don-mateo-i/don-mateo-i-02.jpg,ZLT Home · Don Mateo I,183 KB
fotos/proyectos/zlt-home/don-mateo-i/don-mateo-i-03.jpg,ZLT Home · Don Mateo I,118 KB
fotos/proyectos/zlt-home/don-mateo-i/don-mateo-i-04.jpg,ZLT Home · Don Mateo I,94 KB
fotos/proyectos/zlt-home/don-mateo-i/don-mateo-i-05.jpg,ZLT Home · Don Mateo I,158 KB
fotos/proyectos/zlt-home/don-mateo-i/don-mateo-i-06.jpg,ZLT Home · Don Mateo I,55 KB
fotos/proyectos/zlt-home/don-mateo-i/don-mateo-i-07.jpg,ZLT Home · Don Mateo I,78 KB
fotos/proyectos/zlt-home/don-mateo-i/don-mateo-i-08.jpg,ZLT Home · Don Mateo I,116 KB
fotos/proyectos/zlt-home/don-mateo-i/don-mateo-i-09.jpg,ZLT Home · Don Mateo I,124 KB
fotos/proyectos/zlt-home/don-mateo-ii/don-mateo-ii-01.jpg,ZLT Home · Don Mateo II,70 KB
fotos/proyectos/zlt-home/don-mateo-ii/don-mateo-ii-02.jpg,ZLT Home · Don Mateo II,38 KB
fotos/proyectos/zlt-home/don-mateo-ii/don-mateo-ii-03.jpg,ZLT Home · Don Mateo II,28 KB
fotos/proyectos/zlt-home/don-mateo-ii/don-mateo-ii-04.jpg,ZLT Home · Don Mateo II,36 KB
fotos/proyectos/zlt-home/don-mateo-ii/don-mateo-ii-05.jpg,ZLT Home · Don Mateo II,35 KB
fotos/proyectos/zlt-home/don-mateo-ii/don-mateo-ii-06.jpg,ZLT Home · Don Mateo II,30 KB
fotos/proyectos/zlt-home/don-mateo-ii/don-mateo-ii-07.jpg,ZLT Home · Don Mateo II,47 KB
fotos/proyectos/zlt-home/don-mateo-ii/don-mateo-ii-08.jpg,ZLT Home · Don Mateo II,28 KB
fotos/proyectos/zlt-home/don-mateo-ii/don-mateo-ii-09.jpg,ZLT Home · Don Mateo II,40 KB
fotos/proyectos/zlt-home/don-mateo-ii/don-mateo-ii-10.jpg,ZLT Home · Don Mateo II,31 KB
fotos/proyectos/zlt-home/french/french-01.jpg,ZLT Home · French,115 KB
fotos/proyectos/zlt-home/french/french-02.jpg,ZLT Home · French,89 KB
fotos/proyectos/zlt-home/french/french-03.jpg,ZLT Home · French,43 KB
fotos/proyectos/zlt-home/french/french-04.jpg,ZLT Home · French,68 KB
fotos/proyectos/zlt-home/french/french-05.jpg,ZLT Home · French,85 KB
fotos/proyectos/zlt-home/french/french-06.jpg,ZLT Home · French,83 KB
fotos/proyectos/zlt-home/french/french-07.jpg,ZLT Home · French,73 KB
fotos/proyectos/zlt-home/french/french-08.jpg,ZLT Home · French,75 KB
fotos/proyectos/zlt-home/french/french-09.jpg,ZLT Home · French,49 KB
fotos/proyectos/zlt-home/french/french-10.jpg,ZLT Home · French,47 KB
fotos/proyectos/zlt-home/french/french-11.jpg,ZLT Home · French,35 KB
fotos/proyectos/zlt-home/french/french-12.jpg,ZLT Home · French,45 KB
fotos/proyectos/zlt-home/french/french-13.jpg,ZLT Home · French,38 KB
fotos/proyectos/zlt-home/french/french-14.jpg,ZLT Home · French,51 KB
fotos/proyectos/zlt-home/french/french-15.jpg,ZLT Home · French,34 KB
fotos/proyectos/zlt-home/french/french-16.jpg,ZLT Home · French,45 KB
fotos/proyectos/zlt-home/french/french-17.jpg,ZLT Home · French,35 KB
fotos/proyectos/zlt-home/french/french-18.jpg,ZLT Home · French,34 KB
fotos/proyectos/zlt-home/french/french-19.jpg,ZLT Home · French,32 KB
fotos/proyectos/zlt-home/french/french-20.jpg,ZLT Home · French,35 KB
fotos/proyectos/zlt-home/french/french-21.jpg,ZLT Home · French,38 KB
fotos/proyectos/zlt-home/french/french-22.jpg,ZLT Home · French,39 KB
fotos/proyectos/zlt-home/french/french-23.jpg,ZLT Home · French,36 KB
fotos/proyectos/zlt-home/la-barra/la-barra-01.jpg,ZLT Home · La Barra,90 KB
fotos/proyectos/zlt-home/la-barra/la-barra-02.jpg,ZLT Home · La Barra,119 KB
fotos/proyectos/zlt-home/la-barra/la-barra-03.jpg,ZLT Home · La Barra,94 KB
fotos/proyectos/zlt-home/la-barra/la-barra-04.jpg,ZLT Home · La Barra,110 KB
fotos/proyectos/zlt-home/la-barra/la-barra-05.jpg,ZLT Home · La Barra,100 KB
fotos/proyectos/zlt-partners/zlt-partners-01-nave-de-gualeguaychu-terminada-vista-gen.jpg,"ZLT Partners — ZLT Partners — Nave de Gualeguaychú terminada — vista general · foto de cámara, 6016×4016",1.7 MB
fotos/proyectos/zlt-partners/zlt-partners-02-nave-de-gualeguaychu-frente-y-playa-de-m.jpg,"ZLT Partners — ZLT Partners — Nave de Gualeguaychú — frente y playa de maniobras · foto de cámara, 6016×4016",1.3 MB
fotos/proyectos/zlt-partners/zlt-partners-03-muelles-de-carga-con-autoelevador.jpg,"ZLT Partners — ZLT Partners — Muelles de carga con autoelevador · foto de cámara, 6016×4016",1.9 MB
fotos/proyectos/zlt-partners/zlt-partners-04-porton-de-acceso-a-la-nave.jpg,"ZLT Partners — ZLT Partners — Portón de acceso a la nave · foto de cámara, 6016×4016",1.2 MB
fotos/proyectos/zlt-partners/zlt-partners-05-interior-de-la-nave-superficie-operativa.jpg,"ZLT Partners — ZLT Partners — Interior de la nave — superficie operativa · foto de cámara, 6016×4016",3.1 MB
fotos/proyectos/zlt-partners/zlt-partners-06-tanques-de-reserva-de-agua.jpg,"ZLT Partners — ZLT Partners — Tanques de reserva de agua · foto de cámara, 6016×4016",2.1 MB
fotos/proyectos/zlt-partners/zlt-partners-07-sector-de-oficinas-desde-el-exterior.jpg,"ZLT Partners — ZLT Partners — Sector de oficinas desde el exterior · foto de cámara, 6016×4016",4.7 MB
fotos/proyectos/zlt-partners/zlt-partners-08-oficinas-terminadas.jpg,"ZLT Partners — ZLT Partners — Oficinas terminadas · foto de cámara, 6016×4016",1.6 MB
fotos/proyectos/zlt-partners/zlt-partners-09-sala-de-reuniones.jpg,"ZLT Partners — ZLT Partners — Sala de reuniones · foto de cámara, 6016×4016",1.5 MB
fotos/proyectos/zlt-partners/zlt-partners-10-oficinas-identidad-del-operador.jpg,"ZLT Partners — ZLT Partners — Oficinas — identidad del operador · foto de cámara, 6016×4016",1.1 MB
iconos/apple-touch-icon-180.png,Ícono para guardar en el inicio (iOS),2 KB
iconos/contacto/email.png,Ícono de contacto — Email,6 KB
iconos/contacto/instagram.png,Ícono de red — Instagram,12 KB
iconos/contacto/linkedin.png,Ícono de red — LinkedIn,9 KB
iconos/contacto/rosario-santa-fe.png,"Ícono de contacto — Rosario, Santa Fe",12 KB
iconos/contacto/sitio-web.png,Ícono de red — Sitio web,17 KB
iconos/contacto/whatsapp.png,Ícono de contacto — WhatsApp,17 KB
iconos/contacto/youtube.png,Ícono de red — YouTube,6 KB
iconos/favicon-32.png,Favicon 32×32,1 KB
iconos/icon-512.png,Ícono 512×512 (Android / manifiesto),6 KB
iconos/mapa/pin-2x.png,"Pin del mapa, versión de alta densidad",1 KB
iconos/mapa/pin.png,Pin del mapa de presencia,1 KB
iconos/mapa/sombra-pin.png,Sombra del pin del mapa,1 KB
logos/acompanan/acerma.png,Acompaña — Acerma,16 KB
logos/acompanan/avallan.png,Acompaña — Avallan,31 KB
logos/acompanan/beraldi.png,Acompaña — Beraldi,5 KB
logos/acompanan/cantera-dumesnil.png,Acompaña — Cantera Dumesnil,13 KB
logos/acompanan/cititek.png,Acompaña — Cititek,17 KB
logos/acompanan/grupo-edisur.png,Acompaña — Grupo Edisur,29 KB
logos/acompanan/grupo-flecha.png,Acompaña — Grupo Flecha,12 KB
logos/acompanan/la-segunda.png,Acompaña — La Segunda,30 KB
logos/acompanan/las-taperitas.png,Acompaña — Las Taperitas,17 KB
logos/acompanan/mbc.png,Acompaña — MBC,15 KB
logos/acompanan/menara.png,Acompaña — Menara,6 KB
logos/acompanan/mercado-libre.png,Acompaña — Mercado Libre,7 KB
logos/acompanan/mocciola.png,Acompaña — Mocciola,30 KB
logos/acompanan/qala.png,Acompaña — Qala,6 KB
logos/acompanan/soldini-stock.png,Acompaña — Soldini Stock,32 KB
logos/acompanan/ua.png,Acompaña — ÜA,21 KB
logos/acompanan/uveg.png,Acompaña — UVEG,3 KB
logos/inquilinos/empresa-alojada-en-alamos-10.png,Empresa alojada — Empresa alojada en Álamos,8 KB
logos/inquilinos/empresa-alojada-en-alamos-11.png,Empresa alojada — Empresa alojada en Álamos,26 KB
logos/inquilinos/empresa-alojada-en-alamos-12.png,Empresa alojada — Empresa alojada en Álamos,7 KB
logos/inquilinos/empresa-alojada-en-alamos-2.png,Empresa alojada — Empresa alojada en Álamos,29 KB
logos/inquilinos/empresa-alojada-en-alamos-3.png,Empresa alojada — Empresa alojada en Álamos,21 KB
logos/inquilinos/empresa-alojada-en-alamos-4.png,Empresa alojada — Empresa alojada en Álamos,54 KB
logos/inquilinos/empresa-alojada-en-alamos-5.png,Empresa alojada — Empresa alojada en Álamos,21 KB
logos/inquilinos/empresa-alojada-en-alamos-6.png,Empresa alojada — Empresa alojada en Álamos,29 KB
logos/inquilinos/empresa-alojada-en-alamos-7.png,Empresa alojada — Empresa alojada en Álamos,37 KB
logos/inquilinos/empresa-alojada-en-alamos-8.png,Empresa alojada — Empresa alojada en Álamos,17 KB
logos/inquilinos/empresa-alojada-en-alamos-9.png,Empresa alojada — Empresa alojada en Álamos,21 KB
logos/inquilinos/empresa-alojada-en-alamos.png,Empresa alojada — Empresa alojada en Álamos,14 KB
logos/marca/zlt-isologo.png,"Logo ZLT — cabecera, pie y firma de proyectos",12 KB
logos/proyectos/alamos-club.png,Logo — Álamos Club,18 KB
logos/proyectos/alamos-de-anelo.png,Logo — Álamos de Añelo,17 KB
logos/proyectos/anelo-plaza-shopping.png,Logo — Añelo Plaza Shopping,27 KB
logos/proyectos/lumina-funes.png,Logo — Lumina Funes,14 KB
logos/proyectos/nodo-flex.png,Logo — Nodo Flex,11 KB
logos/proyectos/nodo.png,Logo — Nodo,8 KB
logos/proyectos/parque-industrial-minero.png,Logo — Parque Industrial Minero,18 KB
logos/proyectos/parque-industrial-vaca-muerta.png,Logo — Parque Industrial Vaca Muerta,16 KB
logos/proyectos/pivm-service-center.png,Logo — PIVM Service Center,21 KB
logos/proyectos/zlt-partners.png,Logo — ZLT Partners,14 KB
