tipo,etiqueta,dato,enlace
Contacto,WhatsApp,+54 9 341 316 5100,https://wa.me/+5493413165100
Contacto,Email,info@somoszlt.com,mailto:info@somoszlt.com
Contacto,"Rosario, Santa Fe","Junín 191, piso 10 · Alto Buró",https://maps.app.goo.gl/3AuuZPgQaYErafuSA
Red social,,,https://www.youtube.com/watch?v=KwHP60YPEhk
Red social,,,https://www.linkedin.com/in/gino-zavanella-7a24288a/
Red social,,,https://www.linkedin.com/in/manuel-turner/
Red social,,,https://www.linkedin.com/in/luis-laorden-768428153/
Red social,,,https://www.youtube.com/watch?v=2qJLrDu-D24
Red social,,,https://www.youtube.com/embed/2qJLrDu-D24?autoplay=1&rel=0&modestbranding=1
Red social,,,https://www.youtube.com/watch?v=L7cE0WB4ovo
Red social,,,https://www.youtube.com/embed/L7cE0WB4ovo?autoplay=1&rel=0&modestbranding=1
Red social,,,https://www.youtube.com/watch?v=cSfURgOG5lI
Red social,,,https://www.youtube.com/embed/cSfURgOG5lI?autoplay=1&rel=0&modestbranding=1
Red social,,,https://www.youtube.com/watch?v=LNuRDA_5v_A
Red social,,,https://www.youtube.com/embed/LNuRDA_5v_A?autoplay=1&rel=0&modestbranding=1
Red social,,,https://www.youtube.com/watch?v=q8oVfnglHiY
Red social,,,https://www.youtube.com/embed/q8oVfnglHiY?autoplay=1&rel=0&modestbranding=1
Red social,,,https://www.youtube.com/watch?v=fabxWi9EJ9g
Red social,,,https://www.youtube.com/embed/fabxWi9EJ9g?autoplay=1&rel=0&modestbranding=1
Red social,,,https://www.youtube.com/watch?v=qigPrYVxuSw
Red social,,,https://www.youtube.com/embed/qigPrYVxuSw?autoplay=1&rel=0&modestbranding=1
Red social,,,https://www.youtube.com/watch?v=uofyoLhdvgc
Red social,,,https://www.youtube.com/embed/uofyoLhdvgc?autoplay=1&rel=0&modestbranding=1
Red social,,,https://www.instagram.com/somos.zlt/
Red social,,,https://www.linkedin.com/company/somoszlt
Red social,,,https://www.youtube.com/@somoszlt
Red social,,,https://www.youtube.com/watch?v=jvSD8PtbSUk
Red social,,,https://www.youtube.com/embed/jvSD8PtbSUk?autoplay=1&controls=1&rel=0&modestbranding=1
Red social,,,https://www.youtube.com/watch?v=C7Y3tuRKO40
Red social,,,https://www.youtube.com/embed/C7Y3tuRKO40?autoplay=1&controls=1&rel=0&modestbranding=1
Red social,,,https://www.youtube.com/watch?v=_qAN0Th3bmc
Red social,,,https://www.youtube.com/watch?v=dWUhVN7Sczw
Red social,,,https://www.youtube.com/embed/dWUhVN7Sczw?autoplay=1&controls=1&rel=0&modestbranding=1
Red social,,,https://www.youtube.com/watch?v=kDgVQJJAjqk
Red social,,,https://www.youtube.com/watch?v=rfGq7MpTTsg
Red social,,,https://www.youtube.com/embed/rfGq7MpTTsg?autoplay=1&controls=1&rel=0&modestbranding=1
