proyecto,sector,latitud,longitud
Parque Industrial Vaca Muerta,oilgas,-38.3488,-68.7590589
PIVM Service Center,oilgas,-38.3512,-68.7625
Álamos de Añelo,oilgas,-38.3529394,-68.8171664
Álamos Club,oilgas,-38.354,-68.8155
El Silencioso,oilgas,-38.361107,-68.79324
Parque Industrial Minero,mineria,-31.57483,-68.428858
Nodo,logistica,-31.3856875,-64.0703125
Nodo Flex,logistica,-31.3866,-64.069
ZLT Partners · San Juan,logistica,-31.5375,-68.5364
ZLT Partners · Mendoza,logistica,-33.01103,-68.852324
ZLT Partners · Gualeguaychú,logistica,-32.986439,-58.597373
Añelo Plaza Shopping,retail,-38.355245,-68.789827
Plazas USA · Orlando,retail,28.54,-81.38
Patagonia AI Factories,datacenter,-39.23836,-68.789874
Lumina Funes,resid,-32.9315995,-60.8322629
Condo Funes,resid,-32.9123722,-60.8023272
Onix,resid,-32.95,-60.64
ZLT Home · La Barra,resid,-34.92,-54.86
