sección / proyecto,título,enlace,dónde aparece
Banner home,"Video institucional ZLT (horizontal, No listado)",https://www.youtube.com/watch?v=UaCc6y0a1Dg,embebido en el banner
Banner home,"Video institucional ZLT (vertical, No listado)",https://www.youtube.com/watch?v=eumDicH_Rxk,"embebido en el banner, sólo teléfonos"
ZLT Partners,Nave de Gualeguaychú terminada,https://www.youtube.com/watch?v=2gKbnnodufI,ficha del proyecto
Eventos,Canal de YouTube de ZLT (la sección se arma sola con los últimos videos),https://www.youtube.com/channel/UCoIySzJw_lUo5cw64mqrKvQ,canal
Parque Industrial Vaca Muerta,Video del proyecto,https://www.youtube.com/watch?v=jvSD8PtbSUk,ficha del proyecto
Parque Industrial Vaca Muerta,Avance de obra,https://www.youtube.com/watch?v=jvSD8PtbSUk,botón de la ficha
Parque Industrial Vaca Muerta,Video oficial,https://youtu.be/pIw2ySdftVc?si=aIXez4-5Cwj-4o98,botón de la ficha
Álamos de Añelo,Video del proyecto,https://www.youtube.com/watch?v=C7Y3tuRKO40,ficha del proyecto
Álamos de Añelo,Avance de obra,https://www.youtube.com/watch?v=C7Y3tuRKO40,botón de la ficha
Álamos de Añelo,Video oficial,https://www.youtube.com/watch?v=_qAN0Th3bmc,botón de la ficha
Álamos Club,Avance de obra,https://www.youtube.com/watch?v=C7Y3tuRKO40,botón de la ficha
Nodo,Video oficial,https://youtu.be/UM0AKwuwXd0?si=qgdJbyR77uRTkcyi,botón de la ficha
Nodo Flex,Video del proyecto,https://www.youtube.com/watch?v=dWUhVN7Sczw,ficha del proyecto
Nodo Flex,Avance de obra,https://www.youtube.com/watch?v=dWUhVN7Sczw,botón de la ficha
Nodo Flex,Video oficial,https://www.youtube.com/watch?v=kDgVQJJAjqk,botón de la ficha
Lumina Funes,Video del proyecto,https://www.youtube.com/watch?v=rfGq7MpTTsg,ficha del proyecto
