medio,notas
Punto Biz,11
La Voz,5
Punto a Punto,5
Info Negocios,4
El Cronista,3
Info Funes,3
iProfesional,3
Ámbito Financiero,3
Ecos 365,2
El Occidental,2
In Neuquén,2
Info Energía,2
La Nación,2
ON24,2
On 24,2
Somos Pymes,2
Ámbito,2
ADN Sur,1
Agro & Economía,1
Agroempresario,1
Aire de Santa Fe,1
Clarin,1
Conexión Parques,1
DBiz,1
Diario Jornada,1
Economis,1
Economix,1
Energía ON,1
Energía On,1
Expo Parques Industriales,1
Forbes,1
I Profesional,1
InfoEnergía,1
Infobae,1
Inmobiliare,1
La Capital,1
La Voz del Interior,1
MDZ,1
Mejor Energía,1
Mendoza Online,1
Mercado,1
Minuto Neuquén,1
Neuquén al instante,1
Noticias,1
Red Boing,1
Ser Industria,1
Ser industria,1
Vaca Muerta,1
Venado 24,1
Áreas Globales,1
